Datetime,Water Level (m)
2025-07-17 18:00:00,-0.40036196
2025-07-17 19:00:00,-0.68687177
2025-07-17 20:00:00,-0.55232966
2025-07-17 21:00:00,-0.12704407
2025-07-17 22:00:00,0.31877103
2025-07-17 23:00:00,0.83207625
2025-07-18 00:00:00,1.3251929
2025-07-18 01:00:00,1.6353434
2025-07-18 02:00:00,1.7059413
2025-07-18 03:00:00,1.4698116
2025-07-18 04:00:00,1.0489329
2025-07-18 05:00:00,0.5543341
2025-07-18 06:00:00,0.101085685
2025-07-18 07:00:00,-0.30125308
2025-07-18 08:00:00,-0.38518092
2025-07-18 09:00:00,-0.04863948
2025-07-18 10:00:00,0.31510326
2025-07-18 11:00:00,0.77513325
2025-07-18 12:00:00,1.2255275
2025-07-18 13:00:00,1.5547941
2025-07-18 14:00:00,1.6596763
2025-07-18 15:00:00,1.4736521
2025-07-18 16:00:00,1.069344
2025-07-18 17:00:00,0.5745323
2025-07-18 18:00:00,0.10171566
2025-07-18 19:00:00,-0.35563165
2025-07-18 20:00:00,-0.6355056
2025-07-18 21:00:00,-0.45614266
2025-07-18 22:00:00,-0.03404488
2025-07-18 23:00:00,0.4047563
2025-07-19 00:00:00,0.933879
2025-07-19 01:00:00,1.3940662
2025-07-19 02:00:00,1.7310479
2025-07-19 03:00:00,1.8137542
2025-07-19 04:00:00,1.6094319
2025-07-19 05:00:00,1.1956716
2025-07-19 06:00:00,0.71003336
2025-07-19 07:00:00,0.2576835
2025-07-19 08:00:00,-0.12376028
2025-07-19 09:00:00,-0.3084668
2025-07-19 10:00:00,-0.10590974
2025-07-19 11:00:00,0.22784843
2025-07-19 12:00:00,0.60184973
2025-07-19 13:00:00,1.0714306
2025-07-19 14:00:00,1.4068736
2025-07-19 15:00:00,1.5687817
2025-07-19 16:00:00,1.4496173
2025-07-19 17:00:00,1.1048195
2025-07-19 18:00:00,0.63799
2025-07-19 19:00:00,0.18087956
2025-07-19 20:00:00,-0.26889583
2025-07-19 21:00:00,-0.5432111
2025-07-19 22:00:00,-0.43923178
2025-07-19 23:00:00,-0.05579584
2025-07-20 00:00:00,0.3583895
2025-07-20 01:00:00,0.87837505
2025-07-20 02:00:00,1.3772516
2025-07-20 03:00:00,1.7559667
2025-07-20 04:00:00,1.9097857
2025-07-20 05:00:00,1.7986226
2025-07-20 06:00:00,1.4264838
2025-07-20 07:00:00,0.9580805
2025-07-20 08:00:00,0.45747107
2025-07-20 09:00:00,0.043784406
2025-07-20 10:00:00,-0.2619101
2025-07-20 11:00:00,-0.23568575
2025-07-20 12:00:00,0.07095204
2025-07-20 13:00:00,0.39950848
2025-07-20 14:00:00,0.83388233
2025-07-20 15:00:00,1.1943598
2025-07-20 16:00:00,1.4305402
2025-07-20 17:00:00,1.428902
2025-07-20 18:00:00,1.1766399
2025-07-20 19:00:00,0.7548427
2025-07-20 20:00:00,0.29248622
2025-07-20 21:00:00,-0.13315405
2025-07-20 22:00:00,-0.48305458
2025-07-20 23:00:00,-0.49457696
2025-07-21 00:00:00,-0.12551188
2025-07-21 01:00:00,0.29368186
2025-07-21 02:00:00,0.8158807
2025-07-21 03:00:00,1.3367049
2025-07-21 04:00:00,1.7523756
2025-07-21 05:00:00,1.9730649
2025-07-21 06:00:00,1.9219549
2025-07-21 07:00:00,1.5875503
2025-07-21 08:00:00,1.1113292
2025-07-21 09:00:00,0.5994618
2025-07-21 10:00:00,0.15171273
2025-07-21 11:00:00,-0.23995046
2025-07-21 12:00:00,-0.3463982
2025-07-21 13:00:00,-0.07033931
2025-07-21 14:00:00,0.27368376
2025-07-21 15:00:00,0.68449026
2025-07-21 16:00:00,1.1272454
2025-07-21 17:00:00,1.4318622
2025-07-21 18:00:00,1.532065
2025-07-21 19:00:00,1.3398299
2025-07-21 20:00:00,0.9487085
2025-07-21 21:00:00,0.4617759
2025-07-21 22:00:00,0.021084161
2025-07-21 23:00:00,-0.37943017
2025-07-22 00:00:00,-0.49653757
2025-07-22 01:00:00,-0.12665556
2025-07-22 02:00:00,0.30325547
2025-07-22 03:00:00,0.8203361
2025-07-22 04:00:00,1.3883549
2025-07-22 05:00:00,1.8438911
2025-07-22 06:00:00,2.1090229
2025-07-22 07:00:00,2.0966918
2025-07-22 08:00:00,1.7535012
2025-07-22 09:00:00,1.2706107
2025-07-22 10:00:00,0.7168763
2025-07-22 11:00:00,0.23186143
2025-07-22 12:00:00,-0.21562155
2025-07-22 13:00:00,-0.39313033
2025-07-22 14:00:00,-0.11276939
2025-07-22 15:00:00,0.27700168
2025-07-22 16:00:00,0.71838427
2025-07-22 17:00:00,1.1874794
2025-07-22 18:00:00,1.5404993
2025-07-22 19:00:00,1.6779298
2025-07-22 20:00:00,1.5011293
2025-07-22 21:00:00,1.1026167
2025-07-22 22:00:00,0.5911558
2025-07-22 23:00:00,0.11416087
2025-07-23 00:00:00,-0.32340127
2025-07-23 01:00:00,-0.48066795
2025-07-23 02:00:00,-0.081001475
2025-07-23 03:00:00,0.37443972
2025-07-23 04:00:00,0.90600383
2025-07-23 05:00:00,1.5155436
2025-07-23 06:00:00,2.0019453
2025-07-23 07:00:00,2.286421
2025-07-23 08:00:00,2.2355907
2025-07-23 09:00:00,1.8470953
2025-07-23 10:00:00,1.3330002
2025-07-23 11:00:00,0.7409626
2025-07-23 12:00:00,0.21678641
2025-07-23 13:00:00,-0.25280657
2025-07-23 14:00:00,-0.4055797
2025-07-23 15:00:00,-0.029940546
2025-07-23 16:00:00,0.3893186
2025-07-23 17:00:00,0.86725515
2025-07-23 18:00:00,1.3774114
